<?xml version="1.0" encoding="UTF-8" standalone="no"?>
<RestfulDiffuserConfigXml>
	<classPathList>
		<classPath>http://your.ip.address:8182/classpath</classPath>
	</classPathList>
	<loadThreshold>0.75</loadThreshold>
	<serializerName>persistence_xml</serializerName>
	<strategyConfigClassName>org.microtitan.diffusive.diffuser.strategy.RandomDiffuserStrategyConfigXml</strategyConfigClassName>
	<strategyConfigFile>../examples/remote_single/launcher/random_diffuser_strategy.xml</strategyConfigFile>
</RestfulDiffuserConfigXml>